,,,,,,,,,,,,,,,,,,,,,,,,,,,,,,,,,,,,,,,,,,,,,,,,,,,,,,,,,,,,,,,,,,,,,
,■基礎設計,,,,,,,,,,,,,,,,,,,,,,,,,,,,,,,,,,,,,,,,,,,,,■シミュレーション,,,,,,,,,,,,,,,,,,,,,,,
,,,,,,,,,,,,,,,,,,,,,,,,,,,,,,,,,,,,,,,,,,,,,,検索用,,,,,,,,,,,,,,,,,,,,,,,
,特筆事項,,,,,,,,,,,,,,,,,,,,,,,,,,,,,,,,,実装日,,,,,,,,,,,,Lv,,基礎HP,基礎ATK,Rnk込星1HP,Rnk込星1ATK,星2HP,星3HP,星4HP,星5HP,星6HP,星7HP,星8HP,星9HP,星10HP,星2ATK,星3ATK,星4ATK,星5ATK,星6ATK,星7ATK,星8ATK,星9ATK,星10ATK
,"緑属性のサポートだが、同時期リリースに登場する「賊王 亜左 弔兵衛」を最大限サポートできるようなキャラ設計へ
同じサポートで以下キャラが被っているので、被らないようなポジションを意識したキャラにする

（緑）和倉 優希 R cost 360（こいつの完全上位を目指す）
└自身と同じコマにいる緑属性の味方と自身の攻撃をn秒,n%up

（黄）阿波連れいな　SSR cost 620（こいつの完全上位を目指す）
└自身と同じコマにいる黄属性の味方と自身の攻撃をn秒,n%up

（青）冬木 美波 SSR cost 375
└自身と同じコマと一つ先までのコマにいる青属性の味方と自身の攻撃をn秒,n%up
",,,,,,,,,,,,,,,,,,,,,,,,,,,,,,,,,2026-01-16 15:00:00,,,,,,,,,,,,1,,1160,1200,1160,1200,1299,1380,1426,1450,1450,1450,1450,1450,1450,1344,1428,1476,1500,1500,1500,1500,1500,1500
,,,,,,,,,,,,,,,,,,,,,,,,,,,,,,,,,,デプロイ,,,,,,,,,,,,※少数切り上げ,,,,,,,,,,,,,,,,,,,,,,,
,,,,,,,,,,,,,,,,,,,,,,,,,,,,,,,,,,地獄楽いいジャン祭,,,,,,,,,,,,Lv,Rnk,基礎HP,基礎ATK,Rnk込星1HP,Rnk込星1ATK,星2HP,星3HP,星4HP,星5HP,星6HP,星7HP,星8HP,星9HP,星10HP,星2ATK,星3ATK,星4ATK,星5ATK,星6ATK,星7ATK,星8ATK,星9ATK,星10ATK
,,,,,,,,,,,,,,,,,,,,,,,,,,,,,,,,,,,,,,,,,,,,,,0,0,0,0,0,0,0,0,0,0,0,0,0,0,0,0,0,0,0,0,0,0,0,0
,基礎情報,,,,,,,,,,,,,,,,,,,,,,,,,,,,,,,,,,,,,,,,消さないで,,,,,1,0,1160,1200,1160,1200,1299,1380,1426,1450,1450,1450,1450,1450,1450,1344,1428,1476,1500,1500,1500,1500,1500,1500
,キャラ_ID,,,,キャラクター名,,,,,,,,作品名,,,,,,,,,,,,,,,,,,,,,,,,,,,,PremiumSSR,,,,,2,0,1202,1243,1202,1243,1346,1430,1478,1502,1502,1502,1502,1502,1502,1392,1479,1528,1553,1553,1553,1553,1553,1553
,chara_jig_00501,,,,山田浅ェ門 桐馬,,,,,,,,地獄楽,,,,,,,,,,,,,,,,,,,,,,,,,,,,,,,,,3,0,1251,1294,1251,1294,1401,1488,1538,1563,1563,1563,1563,1563,1563,1449,1539,1591,1617,1617,1617,1617,1617,1617
,ラベル,,,ロール,,,属性,,,攻撃射程,,,,,,,,,,,,,,,,,,,,,,,,,,,,,,,,,,,,4,0,1302,1347,1302,1347,1458,1549,1601,1627,1627,1627,1627,1627,1627,1508,1602,1656,1683,1683,1683,1683,1683,1683
,PremiumSSR,,,サポート,,,緑,,,Short,,,,,,,,,,,,,,,,,,,,,,,,,,,,,,,消さないで,,,,,5,0,1355,1401,1355,1401,1517,1612,1666,1693,1693,1693,1693,1693,1693,1569,1667,1723,1751,1751,1751,1751,1751,1751
,※キャラクター名：Glow_ID_管理のFIX名称を参照。未記入の場合(仮)名称を参照。,,,,,,,,,,,,,,,,,,,,,,,,,,,,,,,,,,,,,,,,遠距離以外,,,,,6,0,1409,1458,1409,1458,1578,1676,1733,1761,1761,1761,1761,1761,1761,1632,1735,1793,1822,1822,1822,1822,1822,1822
,基本ステータス,,,,,,,,,,,,,,,,,,,,,,,,,,,,,,,,,,,,,,,,,,,,,7,0,1464,1515,1464,1515,1639,1742,1800,1830,1830,1830,1830,1830,1830,1696,1802,1863,1893,1893,1893,1893,1893,1893
,召喚コスト,,再召喚時間F,,,well_distace,,,移動速度,,,KB回数,,,,,,,,,,,,,,,,,,,,,,,,,,,,,,,,,,8,0,1521,1573,1521,1573,1703,1809,1870,1901,1901,1901,1901,1901,1901,1761,1871,1934,1966,1966,1966,1966,1966,1966
,605,,425,,,0.32,,,30,,,2,,,,,,,,,,,,,,,,,,,,,,,,,,,,,,,,,,9,0,1578,1632,1578,1632,1767,1877,1940,1972,1972,1972,1972,1972,1972,1827,1942,2007,2040,2040,2040,2040,2040,2040
,,,,,8.5,,,,,,,,,,,,,,,,,,,,,,,,,,,,,,,,,,,,,,,,,10,0,1636,1692,1636,1692,1832,1946,2012,2045,2045,2045,2045,2045,2045,1895,2013,2081,2115,2115,2115,2115,2115,2115
,Lvステータス,,,,,,,,,,,,,,,,,,,,,,,,,,,,,,,,,,,,,,,,,,,,,10,0,1636,1692,1636,1692,1832,1946,2012,2045,2045,2045,2045,2045,2045,1895,2013,2081,2115,2115,2115,2115,2115,2115
,体力Lv1,,,体力Lv150,,,攻撃力Lv1,,,攻撃力Lv150,,,,,阿波連さん　status,,,,620cost,,,,,,,,,,,,,,,,,,,,,,,,,,,11,0,1694,1753,1694,1753,1897,2015,2083,2117,2117,2117,2117,2117,2117,1963,2086,2156,2191,2191,2191,2191,2191,2191
,1160,,,11600,,,1200,,,12000,,,,,1120,11200,1310,13100,,,,,,,,,,,,,,,,,,,,,,,,,,,,12,0,1753,1814,1753,1814,1963,2086,2156,2191,2191,2191,2191,2191,2191,2031,2158,2231,2267,2267,2267,2267,2267,2267
,,,,,,,,,,,,,,,,,,,,,,,,,,,,,,,,,,,,,,,,,,,,,,13,0,1813,1876,1813,1876,2030,2157,2229,2266,2266,2266,2266,2266,2266,2101,2232,2307,2345,2345,2345,2345,2345,2345
,特性,,,,,,,効果値,,解放ランク,,解放レベル,,,,,,,,,,,,,,,,,,,,,,,,,,,,,,,,,,14,0,1873,1938,1873,1938,2097,2228,2303,2341,2341,2341,2341,2341,2341,2170,2306,2383,2422,2422,2422,2422,2422,2422
,1,突風コマ無効化,,,,,,-,,0,,0,,,,,,,,,,,,,,,,,,,,,,,,,,,,,,,,,,15,0,1934,2001,1934,2001,2166,2301,2378,2417,2417,2417,2417,2417,2417,2241,2381,2461,2501,2501,2501,2501,2501,2501
,2,-,,,,,,-,,-,,#N/A,,,,,,,,,,,,,,,,,,,,,,,,,,,,,,,,,,16,0,1995,2064,1995,2064,2234,2374,2453,2493,2493,2493,2493,2493,2493,2311,2456,2538,2580,2580,2580,2580,2580,2580
,3,-,,,,,,-,,-,,#N/A,,,,,,,,,,,,,,,,,,,,,,,,,,,,,,,,,,17,0,2056,2127,2056,2127,2302,2446,2528,2570,2570,2570,2570,2570,2570,2382,2531,2616,2658,2658,2658,2658,2658,2658
,,,,,,,,,,,,,,"※解放ランク1=Lv20,ランク2=Lv30。以降同様。",,,,,,,,,,,,,,,,,,,,,,,,,,,,,,,,18,0,2118,2191,2118,2191,2372,2520,2605,2647,2647,2647,2647,2647,2647,2453,2607,2694,2738,2738,2738,2738,2738,2738
,通常攻撃ステータス,,,,,,,,,,,,,,,,,,,,,,,,,,,,,,,,,,,,,,,,,,,,,19,0,2180,2256,2180,2256,2441,2594,2681,2725,2725,2725,2725,2725,2725,2526,2684,2774,2820,2820,2820,2820,2820,2820
,オノマトペ,,,通常攻撃発生F,,,攻撃ヒットF,,,,攻撃CDF,,,攻撃距離,,,射程,,攻撃範囲,,,攻撃倍率,,,,,,,,,,,,,,,,,,,,,,,,20,0,2243,2320,2243,2320,2512,2669,2758,2803,2803,2803,2803,2803,2803,2598,2760,2853,2900,2900,2900,2900,2900,2900
,zangeki_1,,,1.6,,,stop有:1回目0.4,,,,75,,,近距離,,,0.33,,単体,,,1,,3.33,stop無:1.67,,395,1750,,,,,,,,,,,,,,,,,,20,1,2243,2320,2377,2459,2646,2803,2892,2937,2937,2937,2937,2937,2937,2737,2899,2992,3039,3039,3039,3039,3039,3039
,range_start_type,,,range_start_parameter,,,,range_end_type,,,range_end_parameter,,,,対象,,対象属性,,,対象ロール,,,,,,,,,,,,,,,,,,,,,,,,,,21,1,2306,2385,2440,2524,2716,2878,2970,3016,3016,3016,3016,3016,3016,2810,2977,3072,3120,3120,3120,3120,3120,3120
,Distance,,,0,,,,Distance,,,0.33,,,,敵,,All,,,All,,,,,,,,,,,,,,,,,,,,,,,,,,22,1,2369,2451,2503,2590,2787,2953,3047,3095,3095,3095,3095,3095,3095,2884,3055,3153,3202,3202,3202,3202,3202,3202
,→,攻撃発生Fと攻撃ヒットFは各数値に *50。その他攻撃CDFは/50。,,,,,,,,,,,7.9,,,34.8,,,,,,,,,,,,,,,,,,,,,,,,,,,,,,23,1,2433,2516,2567,2655,2858,3029,3126,3175,3175,3175,3175,3175,3175,2956,3133,3233,3284,3284,3284,3284,3284,3284
,必殺ワザステータス,,,,,,,,,,,,,,,,,,,,,,,,,,,,,,,,,,,,,,,,※数式参照用,,,,,24,1,2496,2582,2630,2721,2929,3104,3204,3254,3254,3254,3254,3254,3254,3030,3211,3314,3366,3366,3366,3366,3366,3366
,"必殺攻撃_
オノマトペ",,,必殺攻撃F,,,必殺攻撃ヒットF,,,,初回必殺CDF,,,2回目以降必殺CDF,,,攻撃距離,,,,,,射程,,攻撃範囲,,,攻撃倍率,,,,,,,,,,,,,バフ・デバフ効果型,,,,,25,1,2560,2649,2694,2788,3001,3180,3282,3334,3334,3334,3334,3334,3334,3105,3291,3397,3450,3450,3450,3450,3450,3450
,-,,,3.33,,,stop無:1.67,,,,395,,,1740,,,自身と１つ先のコマにいる味方,,,,,,"(コマ)0,+1",,"範囲(コマ)0,+1",,,0.6,,,,,,,,,,,,,安定型,,,,,26,1,2625,2715,2759,2854,3074,3257,3362,3415,3415,3415,3415,3415,3415,3179,3369,3478,3532,3532,3532,3532,3532,3532
,range_start_type,,,range_start_parameter,,,,range_end_type,,,range_end_parameter,,,,対象,,対象属性,,,対象ロール,,バフ・デバフ効果型,,,,,,※攻撃系以外の必殺ワザは攻撃倍率「無」,,,,,,,,,,,,,,,,,,27,1,2689,2782,2823,2921,3145,3333,3441,3495,3495,3495,3495,3495,3495,3254,3449,3560,3616,3616,3616,3616,3616,3616
,Koma,,,0,,,,Koma,,,"(コマ)0,+1",,,,味方,,緑/無,,,All,,安定型,,,,,,,,,,,,,,,,,,,,,,,,28,1,2754,2849,2888,2988,3218,3411,3521,3576,3576,3576,3576,3576,3576,3329,3529,3643,3700,3700,3700,3700,3700,3700
,→,攻撃発生Fと攻撃ヒットFは各数値に *50。その他攻撃CDFは/50。,,,,,,,,,,,※「range_start_parameter」「range_end_parameter」：攻撃範囲がコマの場合は手動で記載が必要,,,,,,,,,,,,,,,,,,,,,,,,,,,,,,,,,29,1,2819,2917,2953,3056,3291,3488,3601,3657,3657,3657,3657,3657,3657,3406,3610,3726,3785,3785,3785,3785,3785,3785
,必殺ワザ詳細,,,必殺ワザ1,,,,,,,,,,,,必殺ワザ2,,,,,,,,,,,,必殺ワザ3,,,,,,,,,,,,,,,,,,30,1,2885,2984,3019,3123,3365,3567,3682,3740,3740,3740,3740,3740,3740,3481,3689,3809,3869,3869,3869,3869,3869,3869
,,,,攻撃力UP,,,,,,,,,,,,ダメージカット,,,,,,,,,,,,-,,,,,,,,,,,,,,,,,,30,2,2885,2984,3144,3252,3490,3692,3807,3865,3865,3865,3865,3865,3865,3610,3818,3938,3998,3998,3998,3998,3998,3998
,,,,攻撃・特殊系効果,,,,,,バフ・デバフ系効果,,,,,,攻撃・特殊系効果,,,,,,バフ・デバフ系効果,,,,,,攻撃・特殊系効果,,,,,,バフ・デバフ系効果,,,,,,,,,,,,31,2,2950,3052,3209,3320,3563,3769,3887,3946,3946,3946,3946,3946,3946,3686,3899,4021,4083,4083,4083,4083,4083,4083
,グレード,,,効果値,,効果時間,,発動確率,,効果値,,効果時間,,発動確率,,効果値,,効果時間,,発動確率,,効果値,,効果時間,,発動確率,,効果値,,効果時間,,発動確率,,効果値,,効果時間,,発動確率,,,,,,,,32,2,3016,3120,3275,3388,3636,3848,3968,4029,4029,4029,4029,4029,4029,3762,3980,4105,4168,4168,4168,4168,4168,4168
,1,,,-,,-,,-,,10,,300,,-,,-,,-,,-,,10,,300,,-,,-,,-,,-,,-,,-,,-,,,,,,,,33,2,3082,3188,3341,3456,3710,3926,4049,4111,4111,4111,4111,4111,4111,3838,4061,4189,4253,4253,4253,4253,4253,4253
,2,,,-,,-,,-,,12,,345,,-,,-,,-,,-,,12,,345,,-,,-,,-,,-,,-,,-,,-,,,,,,,,34,2,3148,3257,3407,3525,3784,4005,4131,4194,4194,4194,4194,4194,4194,3915,4143,4274,4339,4339,4339,4339,4339,4339
,3,,,-,,-,,-,,13,,370,,-,,-,,-,,-,,13,,370,,-,,-,,-,,-,,-,,-,,-,,,,,,,,35,2,3215,3325,3474,3593,3859,4084,4213,4277,4277,4277,4277,4277,4277,3992,4224,4357,4424,4424,4424,4424,4424,4424
,4,,,-,,-,,-,,14,,390,,-,,-,,-,,-,,14,,390,,-,,-,,-,,-,,-,,-,,-,,,,,,,,36,2,3281,3394,3540,3662,3933,4163,4294,4360,4360,4360,4360,4360,4360,4069,4306,4442,4510,4510,4510,4510,4510,4510
,5,,,-,,-,,-,,15,,400,,-,,-,,-,,-,,15,,400,,-,,-,,-,,-,,-,,-,,-,,,,,,,,37,2,3348,3463,3607,3731,4008,4243,4377,4444,4444,4444,4444,4444,4444,4146,4388,4527,4596,4596,4596,4596,4596,4596
,,,,※効果値：攻撃範囲がコマの場合は手動で記載が必要,,,,,,,,,,,,,,,,,,,,,,,,,,,,,,,,,,,,,,,,,,38,2,3415,3533,3674,3801,4083,4322,4459,4527,4527,4527,4527,4527,4527,4224,4472,4613,4684,4684,4684,4684,4684,4684
,→,連続攻撃は最大ダメージ。効果時間は/50。※発動確率は「-」の記載 = 「100%」。状態異常系「スタン、火傷、氷結、毒」のみ記載。←以外の必殺ワザで発動確率を記載する場合は、特殊な確率場合のみ。,,,,,,,,,,,,,,,,,,,,,,,,,,,,,,,,,,,,,,,,,,,,39,2,3482,3602,3741,3870,4158,4402,4541,4611,4611,4611,4611,4611,4611,4302,4554,4698,4770,4770,4770,4770,4770,4770
,必殺ワザ文言,,,,,,,,,,,,,,,,,,,,,,,,,,,,,,,,,,,,,,,,※数式参照用,,,,,40,2,3549,3672,3808,3940,4233,4482,4624,4695,4695,4695,4695,4695,4695,4380,4637,4784,4858,4858,4858,4858,4858,4858
,グレード,,,必殺ワザ文言,,,,,,,,,,,,,,,,文字数,,必殺ワザ詳細文言,,,,,,文字数,,,,,,,,,,,,,chara_jig_00501_Special_00001,,,,,40,3,3549,3672,3939,4075,4364,4613,4755,4826,4826,4826,4826,4826,4826,4515,4772,4919,4993,4993,4993,4993,4993,4993
,1,,,自身と同じコマと一つ先までのコマにいる緑属性・無属性の味方と自身の攻撃を6秒間、10%UP + 自身と同じコマと一つ先までのコマにいる緑属性・無属性の味方と自身の被ダメージを6秒間、10%カット,,,,,,,,,,,,,,,,97,,-,,,,,,-,,,,,,,,,,,,,chara_jig_00501_Special_00002,,,,,41,3,3617,3742,4007,4145,4441,4694,4838,4911,4911,4911,4911,4911,4911,4594,4855,5005,5080,5080,5080,5080,5080,5080
,2,,,自身と同じコマと一つ先までのコマにいる緑属性・無属性の味方と自身の攻撃を6.9秒間、12%UP + 自身と同じコマと一つ先までのコマにいる緑属性・無属性の味方と自身の被ダメージを6.9秒間、12%カット,,,,,,,,,,,,,,,,101,,ステータスUP + 必殺ワザ性能UP,,,,,,18,,,,,,,,,,,,,chara_jig_00501_Special_00003,,,,,42,3,3684,3812,4074,4215,4516,4773,4921,4995,4995,4995,4995,4995,4995,4672,4939,5091,5168,5168,5168,5168,5168,5168
,3,,,自身と同じコマと一つ先までのコマにいる緑属性・無属性の味方と自身の攻撃を7.4秒間、13%UP + 自身と同じコマと一つ先までのコマにいる緑属性・無属性の味方と自身の被ダメージを7.4秒間、13%カット,,,,,,,,,,,,,,,,101,,ステータスUP + 必殺ワザ性能UP,,,,,,18,,,,,,,,,,,,,chara_jig_00501_Special_00004,,,,,43,3,3752,3882,4142,4285,4592,4854,5004,5080,5080,5080,5080,5080,5080,4750,5022,5177,5255,5255,5255,5255,5255,5255
,4,,,自身と同じコマと一つ先までのコマにいる緑属性・無属性の味方と自身の攻撃を7.8秒間、14%UP + 自身と同じコマと一つ先までのコマにいる緑属性・無属性の味方と自身の被ダメージを7.8秒間、14%カット,,,,,,,,,,,,,,,,101,,ステータスUP + 必殺ワザ性能UP,,,,,,18,,,,,,,,,,,,,chara_jig_00501_Special_00005,,,,,44,3,3820,3952,4210,4355,4668,4935,5088,5165,5165,5165,5165,5165,5165,4829,5105,5263,5343,5343,5343,5343,5343,5343
,5,,,自身と同じコマと一つ先までのコマにいる緑属性・無属性の味方と自身の攻撃を8秒間、15%UP + 自身と同じコマと一つ先までのコマにいる緑属性・無属性の味方と自身の被ダメージを8秒間、15%カット,,,,,,,,,,,,,,,,97,,ステータスUP + 必殺ワザ性能UP,,,,,,18,,,,,,,,,,,,,,,,,,45,3,3888,4023,4278,4426,4744,5016,5172,5250,5250,5250,5250,5250,5250,4908,5190,5351,5431,5431,5431,5431,5431,5431
,,,,,,,,,,,,,,,,,,,,,,,,,,,,※18字まで,,,,,,,,,,,,,,,,,,46,3,3957,4093,4347,4496,4821,5098,5257,5336,5336,5336,5336,5336,5336,4987,5273,5437,5519,5519,5519,5519,5519,5519
,ワンポイント文言,,,,,,,,,,,,,,,,,,,,,,,文字数,,,,,,,,,,,,,,,,,,,,,,47,3,4025,4164,4415,4567,4898,5179,5340,5421,5421,5421,5421,5421,5421,5066,5358,5524,5608,5608,5608,5608,5608,5608
,前線を支えるサポート!攻撃UPとダメージカットで戦況を有利に導くことができるぞ!,,,,,,,,,,,,,,,,,,,,,,,40,,,,,,,,,,,,,,,,,,,,,,48,3,4094,4235,4484,4638,4975,5261,5425,5507,5507,5507,5507,5507,5507,5146,5442,5612,5696,5696,5696,5696,5696,5696
,,,,,,,,,,,,,,,,,,,,,,,,,,,,,,,,,,,,,,,,,,,,,,49,3,4163,4306,4553,4709,5052,5343,5510,5593,5593,5593,5593,5593,5593,5225,5527,5699,5785,5785,5785,5785,5785,5785
,,,,,,,,,,,,,,,,,,,,,,,,,,,,,,,,,,,,,,,,,,,,,,50,3,4231,4377,4621,4780,5128,5424,5594,5678,5678,5678,5678,5678,5678,5305,5611,5786,5874,5874,5874,5874,5874,5874
,,,,,,,,,,,,,,,,,,,,,,,,※100字まで,,,,,,,,,,,,,,,,,,,,,,50,4,4231,4377,4738,4902,5245,5541,5711,5795,5795,5795,5795,5795,5795,5427,5733,5908,5996,5996,5996,5996,5996,5996
,※その他キャラ文言関連に関しては↓を参照,,,,,,,,,,,,,,,,,,,,,,,,,,,,,,,,,,,,,,,,,,,,,51,4,4300,4449,4807,4974,5323,5624,5796,5882,5882,5882,5882,5882,5882,5507,5819,5997,6086,6086,6086,6086,6086,6086
,https://docs.google.com/spreadsheets/d/15MhqG2fCmYP60QZn_waTxDLL-LlRRkpIhKt6iaLyIzo/edit?gid=0#gid=0,,,,,,,,,,,,,,,,,,,,,,,,,,,,,,,,,,,,,,,,,,,,,52,4,4370,4520,4877,5045,5401,5707,5882,5969,5969,5969,5969,5969,5969,5587,5903,6084,6175,6175,6175,6175,6175,6175
,,,,,,,,,,,,,,,,,,,,,,,,,,,,,,,,,,,,,,,,,,,,,,53,4,4439,4592,4946,5117,5478,5789,5966,6055,6055,6055,6055,6055,6055,5668,5989,6173,6265,6265,6265,6265,6265,6265
,▼必殺ワザスキル文言、ワンポイント文言へのFBは以下に記載をお願いします（問題なければ「OK」だけ記載お願いします）,,,,,,,,,,,,,,,,,,,,,,,,,,,,,,,,,,,,,,,,,,,,,54,4,4508,4664,5015,5189,5555,5871,6051,6142,6142,6142,6142,6142,6142,5748,6075,6261,6355,6355,6355,6355,6355,6355
,,,,,,,,,,,,,,,,,,,,,,,,,,,,,,,,,,,,,,,,,,,,,,55,4,4578,4736,5085,5261,5634,5954,6137,6229,6229,6229,6229,6229,6229,5829,6160,6350,6445,6445,6445,6445,6445,6445
,,,,,,,,,,,,,,,,,,,,,,,,,,,,,,,,,,,,,,,,,,,,,,56,4,4648,4808,5155,5333,5712,6038,6224,6317,6317,6317,6317,6317,6317,5909,6246,6438,6535,6535,6535,6535,6535,6535
,,,,,,,,,,,,,,,,,,,,,,,,,,,,,,,,,,,,,,,,,,,,,,57,4,4717,4880,5224,5405,5790,6120,6308,6403,6403,6403,6403,6403,6403,5990,6332,6527,6625,6625,6625,6625,6625,6625
,,,,,,,,,,,,,,,,,,,,,,,,,,,,,,,,,,,,,,,,,,,,,,58,4,4787,4953,5294,5478,5868,6203,6395,6490,6490,6490,6490,6490,6490,6072,6419,6617,6716,6716,6716,6716,6716,6716
,,,,,,,,,,,,,,,,,,,,,,,,,,,,,,,,,,,,,,,,,,,,,,59,4,4857,5025,5364,5550,5946,6286,6481,6578,6578,6578,6578,6578,6578,6153,6504,6705,6806,6806,6806,6806,6806,6806
,,,,,,,,,,,,,,,,,,,,,,,,,,,,,,,,,,,,,,,,,,,,,,60,4,4928,5098,5435,5623,6026,6371,6568,6667,6667,6667,6667,6667,6667,6234,6591,6795,6897,6897,6897,6897,6897,6897
,,,,,,,,,,,,,,,,,,,,,,,,,,,,,,,,,,,,,,,,,,,,,,60,5,4928,5098,5667,5862,6258,6603,6800,6899,6899,6899,6899,6899,6899,6473,6830,7034,7136,7136,7136,7136,7136,7136
,,,,,,,,,,,,,,,,,,,,,,,,,,,,,,,,,,,,,,,,,,,,,,61,5,4998,5170,5737,5934,6336,6686,6886,6986,6986,6986,6986,6986,6986,6554,6916,7123,7226,7226,7226,7226,7226,7226
,,,,,,,,,,,,,,,,,,,,,,,,,,,,,,,,,,,,,,,,,,,,,,62,5,5068,5243,5807,6007,6415,6769,6972,7074,7074,7074,7074,7074,7074,6636,7003,7212,7317,7317,7317,7317,7317,7317
,,,,,,,,,,,,,,,,,,,,,,,,,,,,,,,,,,,,,,,,,,,,,,63,5,5139,5316,5878,6080,6494,6854,7059,7162,7162,7162,7162,7162,7162,6717,7090,7302,7409,7409,7409,7409,7409,7409
,,,,,,,,,,,,,,,,,,,,,,,,,,,,,,,,,,,,,,,,,,,,,,64,5,5210,5389,5949,6153,6574,6938,7147,7251,7251,7251,7251,7251,7251,6799,7176,7392,7500,7500,7500,7500,7500,7500
,,,,,,,,,,,,,,,,,,,,,,,,,,,,,,,,,,,,,,,,,,,,,,65,5,5280,5463,6019,6227,6652,7022,7233,7339,7339,7339,7339,7339,7339,6882,7264,7483,7592,7592,7592,7592,7592,7592
,,,,,,,,,,,,,,,,,,,,,,,,,,,,,,,,,,,,,,,,,,,,,,66,5,5351,5536,6090,6300,6732,7106,7320,7427,7427,7427,7427,7427,7427,6964,7351,7573,7684,7684,7684,7684,7684,7684
,,,,,,,,,,,,,,,,,,,,,,,,,,,,,,,,,,,,,,,,,,,,,,67,5,5422,5609,6161,6373,6811,7191,7408,7516,7516,7516,7516,7516,7516,7046,7438,7663,7775,7775,7775,7775,7775,7775
,,,,,,,,,,,,,,,,,,,,,,,,,,,,,,,,,,,,,,,,,,,,,,68,5,5493,5683,6232,6447,6891,7275,7495,7605,7605,7605,7605,7605,7605,7128,7526,7754,7867,7867,7867,7867,7867,7867
,,,,,,,,,,,,,,,,,,,,,,,,,,,,,,,,,,,,,,,,,,,,,,69,5,5565,5756,6304,6520,6971,7361,7583,7695,7695,7695,7695,7695,7695,7210,7613,7843,7959,7959,7959,7959,7959,7959
,,,,,,,,,,,,,,,,,,,,,,,,,,,,,,,,,,,,,,,,,,,,,,70,5,5636,5830,6375,6594,7051,7445,7671,7784,7784,7784,7784,7784,7784,7293,7701,7934,8051,8051,8051,8051,8051,8051
,,,,,,,,,,,,,,,,,,,,,,,,,,,,,,,,,,,,,,,,,,,,,,70,6,5636,5830,6537,6762,7213,7607,7833,7946,7946,7946,7946,7946,7946,7461,7869,8102,8219,8219,8219,8219,8219,8219
,,,,,,,,,,,,,,,,,,,,,,,,,,,,,,,,,,,,,,,,,,,,,,71,6,5707,5904,6608,6836,7292,7692,7920,8034,8034,8034,8034,8034,8034,7544,7957,8193,8312,8312,8312,8312,8312,8312
,,,,,,,,,,,,,,,,,,,,,,,,,,,,,,,,,,,,,,,,,,,,,,72,6,5779,5978,6680,6910,7373,7778,8009,8124,8124,8124,8124,8124,8124,7627,8045,8284,8404,8404,8404,8404,8404,8404
,,,,,,,,,,,,,,,,,,,,,,,,,,,,,,,,,,,,,,,,,,,,,,73,6,5850,6052,6751,6984,7453,7862,8096,8213,8213,8213,8213,8213,8213,7710,8133,8375,8497,8497,8497,8497,8497,8497
,,,,,,,,,,,,,,,,,,,,,,,,,,,,,,,,,,,,,,,,,,,,,,74,6,5922,6126,6823,7058,7533,7948,8185,8303,8303,8303,8303,8303,8303,7793,8221,8466,8589,8589,8589,8589,8589,8589
,,,,,,,,,,,,,,,,,,,,,,,,,,,,,,,,,,,,,,,,,,,,,,75,6,5994,6201,6895,7133,7614,8033,8273,8393,8393,8393,8393,8393,8393,7877,8311,8559,8683,8683,8683,8683,8683,8683
,,,,,,,,,,,,,,,,,,,,,,,,,,,,,,,,,,,,,,,,,,,,,,76,6,6066,6275,6967,7207,7694,8119,8362,8483,8483,8483,8483,8483,8483,7960,8399,8650,8775,8775,8775,8775,8775,8775
,,,,,,,,,,,,,,,,,,,,,,,,,,,,,,,,,,,,,,,,,,,,,,77,6,6138,6350,7039,7282,7775,8205,8450,8573,8573,8573,8573,8573,8573,8044,8488,8742,8869,8869,8869,8869,8869,8869
,,,,,,,,,,,,,,,,,,,,,,,,,,,,,,,,,,,,,,,,,,,,,,78,6,6210,6424,7111,7356,7856,8290,8539,8663,8663,8663,8663,8663,8663,8126,8576,8833,8962,8962,8962,8962,8962,8962
,,,,,,,,,,,,,,,,,,,,,,,,,,,,,,,,,,,,,,,,,,,,,,79,6,6282,6499,7183,7431,7936,8376,8627,8753,8753,8753,8753,8753,8753,8210,8665,8925,9055,9055,9055,9055,9055,9055
,,,,,,,,,,,,,,,,,,,,,,,,,,,,,,,,,,,,,,,,,,,,,,80,6,6354,6574,7255,7506,8017,8462,8716,8843,8843,8843,8843,8843,8843,8294,8755,9018,9149,9149,9149,9149,9149,9149
,,,,,,,,,,,,,,,,,,,,,,,,,,,,,,,,,,,,,,,,,,,,,,80,7,6354,6574,7434,7691,8196,8641,8895,9022,9022,9022,9022,9022,9022,8479,8940,9203,9334,9334,9334,9334,9334,9334
,,,,,,,,,,,,,,,,,,,,,,,,,,,,,,,,,,,,,,,,,,,,,,81,7,6427,6649,7507,7766,8278,8728,8985,9113,9113,9113,9113,9113,9113,8563,9029,9295,9428,9428,9428,9428,9428,9428
,,,,,,,,,,,,,,,,,,,,,,,,,,,,,,,,,,,,,,,,,,,,,,82,7,6499,6723,7579,7840,8358,8813,9073,9203,9203,9203,9203,9203,9203,8646,9117,9386,9520,9520,9520,9520,9520,9520
,,,,,,,,,,,,,,,,,,,,,,,,,,,,,,,,,,,,,,,,,,,,,,83,7,6572,6799,7652,7916,8440,8900,9163,9295,9295,9295,9295,9295,9295,8731,9207,9479,9615,9615,9615,9615,9615,9615
,,,,,,,,,,,,,,,,,,,,,,,,,,,,,,,,,,,,,,,,,,,,,,84,7,6645,6874,7725,7991,8522,8987,9253,9386,9386,9386,9386,9386,9386,8815,9297,9572,9709,9709,9709,9709,9709,9709
,,,,,,,,,,,,,,,,,,,,,,,,,,,,,,,,,,,,,,,,,,,,,,85,7,6717,6949,7797,8066,8603,9073,9341,9476,9476,9476,9476,9476,9476,8899,9386,9664,9803,9803,9803,9803,9803,9803
,,,,,,,,,,,,,,,,,,,,,,,,,,,,,,,,,,,,,,,,,,,,,,86,7,6790,7024,7870,8141,8684,9160,9431,9567,9567,9567,9567,9567,9567,8983,9475,9756,9897,9897,9897,9897,9897,9897
,,,,,,,,,,,,,,,,,,,,,,,,,,,,,,,,,,,,,,,,,,,,,,87,7,6863,7100,7943,8217,8766,9246,9521,9658,9658,9658,9658,9658,9658,9069,9566,9850,9992,9992,9992,9992,9992,9992
,,,,,,,,,,,,,,,,,,,,,,,,,,,,,,,,,,,,,,,,,,,,,,88,7,6936,7175,8016,8292,8848,9333,9611,9750,9750,9750,9750,9750,9750,9153,9655,9942,10085,10085,10085,10085,10085,10085
,,,,,,,,,,,,,,,,,,,,,,,,,,,,,,,,,,,,,,,,,,,,,,89,7,7009,7251,8089,8368,8930,9420,9701,9841,9841,9841,9841,9841,9841,9238,9745,10035,10180,10180,10180,10180,10180,10180
,,,,,,,,,,,,,,,,,,,,,,,,,,,,,,,,,,,,,,,,,,,,,,90,7,7082,7326,8162,8443,9011,9507,9790,9932,9932,9932,9932,9932,9932,9322,9834,10127,10274,10274,10274,10274,10274,10274
,,,,,,,,,,,,,,,,,,,,,,,,,,,,,,,,,,,,,,,,,,,,,,90,8,7082,7326,8356,8644,9205,9701,9984,10126,10126,10126,10126,10126,10126,9523,10035,10328,10475,10475,10475,10475,10475,10475
,,,,,,,,,,,,,,,,,,,,,,,,,,,,,,,,,,,,,,,,,,,,,,91,8,7156,7402,8430,8720,9288,9789,10075,10219,10219,10219,10219,10219,10219,9608,10126,10422,10570,10570,10570,10570,10570,10570
,,,,,,,,,,,,,,,,,,,,,,,,,,,,,,,,,,,,,,,,,,,,,,92,8,7229,7478,8503,8796,9370,9876,10165,10310,10310,10310,10310,10310,10310,9693,10216,10515,10665,10665,10665,10665,10665,10665
,,,,,,,,,,,,,,,,,,,,,,,,,,,,,,,,,,,,,,,,,,,,,,93,8,7302,7554,8576,8872,9452,9963,10255,10401,10401,10401,10401,10401,10401,9778,10307,10609,10760,10760,10760,10760,10760,10760
,,,,,,,,,,,,,,,,,,,,,,,,,,,,,,,,,,,,,,,,,,,,,,94,8,7376,7630,8650,8948,9535,10051,10346,10494,10494,10494,10494,10494,10494,9863,10397,10702,10855,10855,10855,10855,10855,10855
,,,,,,,,,,,,,,,,,,,,,,,,,,,,,,,,,,,,,,,,,,,,,,95,8,7449,7706,8723,9024,9616,10138,10436,10585,10585,10585,10585,10585,10585,9948,10488,10796,10950,10950,10950,10950,10950,10950
,,,,,,,,,,,,,,,,,,,,,,,,,,,,,,,,,,,,,,,,,,,,,,96,8,7523,7782,8797,9100,9699,10226,10527,10677,10677,10677,10677,10677,10677,10033,10578,10889,11045,11045,11045,11045,11045,11045
,,,,,,,,,,,,,,,,,,,,,,,,,,,,,,,,,,,,,,,,,,,,,,97,8,7597,7859,8871,9177,9782,10314,10618,10770,10770,10770,10770,10770,10770,10120,10670,10984,11141,11141,11141,11141,11141,11141
,,,,,,,,,,,,,,,,,,,,,,,,,,,,,,,,,,,,,,,,,,,,,,98,8,7670,7935,8944,9253,9864,10401,10708,10861,10861,10861,10861,10861,10861,10205,10760,11078,11236,11236,11236,11236,11236,11236
,,,,,,,,,,,,,,,,,,,,,,,,,,,,,,,,,,,,,,,,,,,,,,99,8,7744,8011,9018,9329,9947,10489,10799,10954,10954,10954,10954,10954,10954,10290,10851,11171,11331,11331,11331,11331,11331,11331
,,,,,,,,,,,,,,,,,,,,,,,,,,,,,,,,,,,,,,,,,,,,,,100,8,7818,8088,9092,9406,10030,10577,10890,11046,11046,11046,11046,11046,11046,10376,10942,11266,11428,11428,11428,11428,11428,11428
,,,,,,,,,,,,,,,,,,,,,,,,,,,,,,,,,,,,,,,,,,,,,,101,9,7892,8164,9377,9700,10324,10876,11192,11350,11350,11350,11350,11350,11350,10679,11251,11577,11741,11741,11741,11741,11741,11741
,,,,,,,,,,,,,,,,,,,,,,,,,,,,,,,,,,,,,,,,,,,,,,102,9,7966,8241,9451,9777,10406,10964,11283,11442,11442,11442,11442,11442,11442,10765,11342,11672,11837,11837,11837,11837,11837,11837
,,,,,,,,,,,,,,,,,,,,,,,,,,,,,,,,,,,,,,,,,,,,,,103,9,8041,8318,9526,9854,10490,11053,11375,11536,11536,11536,11536,11536,11536,10852,11434,11767,11933,11933,11933,11933,11933,11933
,,,,,,,,,,,,,,,,,,,,,,,,,,,,,,,,,,,,,,,,,,,,,,104,9,8115,8395,9600,9931,10573,11141,11466,11628,11628,11628,11628,11628,11628,10938,11526,11861,12029,12029,12029,12029,12029,12029
,,,,,,,,,,,,,,,,,,,,,,,,,,,,,,,,,,,,,,,,,,,,,,105,9,8189,8472,9674,10008,10656,11229,11557,11721,11721,11721,11721,11721,11721,11024,11617,11956,12126,12126,12126,12126,12126,12126
,,,,,,,,,,,,,,,,,,,,,,,,,,,,,,,,,,,,,,,,,,,,,,106,9,8264,8548,9749,10084,10740,11319,11649,11815,11815,11815,11815,11815,11815,11109,11708,12050,12221,12221,12221,12221,12221,12221
,,,,,,,,,,,,,,,,,,,,,,,,,,,,,,,,,,,,,,,,,,,,,,107,9,8338,8626,9823,10162,10823,11407,11740,11907,11907,11907,11907,11907,11907,11197,11800,12145,12318,12318,12318,12318,12318,12318
,,,,,,,,,,,,,,,,,,,,,,,,,,,,,,,,,,,,,,,,,,,,,,108,9,8413,8703,9898,10239,10907,11496,11832,12001,12001,12001,12001,12001,12001,11283,11892,12240,12414,12414,12414,12414,12414,12414
,,,,,,,,,,,,,,,,,,,,,,,,,,,,,,,,,,,,,,,,,,,,,,109,9,8487,8780,9972,10316,10990,11584,11924,12093,12093,12093,12093,12093,12093,11369,11984,12335,12511,12511,12511,12511,12511,12511
,,,,,,,,,,,,,,,,,,,,,,,,,,,,,,,,,,,,,,,,,,,,,,110,9,8562,8857,10047,10393,11074,11673,12016,12187,12187,12187,12187,12187,12187,11455,12075,12430,12607,12607,12607,12607,12607,12607
,,,,,,,,,,,,,,,,,,,,,,,,,,,,,,,,,,,,,,,,,,,,,,110,10,8562,8857,10274,10628,11301,11900,12243,12414,12414,12414,12414,12414,12414,11690,12310,12665,12842,12842,12842,12842,12842,12842
,,,,,,,,,,,,,,,,,,,,,,,,,,,,,,,,,,,,,,,,,,,,,,111,10,8637,8934,10349,10705,11385,11990,12335,12508,12508,12508,12508,12508,12508,11777,12402,12759,12938,12938,12938,12938,12938,12938
,,,,,,,,,,,,,,,,,,,,,,,,,,,,,,,,,,,,,,,,,,,,,,112,10,8711,9012,10423,10783,11468,12078,12426,12600,12600,12600,12600,12600,12600,11864,12495,12855,13036,13036,13036,13036,13036,13036
,,,,,,,,,,,,,,,,,,,,,,,,,,,,,,,,,,,,,,,,,,,,,,113,10,8786,9089,10498,10860,11552,12167,12518,12694,12694,12694,12694,12694,12694,11950,12586,12950,13132,13132,13132,13132,13132,13132
,,,,,,,,,,,,,,,,,,,,,,,,,,,,,,,,,,,,,,,,,,,,,,114,10,8861,9167,10573,10938,11636,12256,12611,12788,12788,12788,12788,12788,12788,12038,12679,13046,13229,13229,13229,13229,13229,13229
,,,,,,,,,,,,,,,,,,,,,,,,,,,,,,,,,,,,,,,,,,,,,,115,10,8936,9244,10648,11015,11720,12345,12703,12882,12882,12882,12882,12882,12882,12124,12771,13141,13326,13326,13326,13326,13326,13326
,,,,,,,,,,,,,,,,,,,,,,,,,,,,,,,,,,,,,,,,,,,,,,116,10,9011,9322,10723,11093,11804,12435,12795,12975,12975,12975,12975,12975,12975,12211,12864,13237,13423,13423,13423,13423,13423,13423
,,,,,,,,,,,,,,,,,,,,,,,,,,,,,,,,,,,,,,,,,,,,,,117,10,9086,9400,10798,11171,11888,12524,12887,13069,13069,13069,13069,13069,13069,12299,12957,13333,13521,13521,13521,13521,13521,13521
,,,,,,,,,,,,,,,,,,,,,,,,,,,,,,,,,,,,,,,,,,,,,,118,10,9162,9477,10874,11248,11973,12614,12981,13164,13164,13164,13164,13164,13164,12385,13048,13427,13617,13617,13617,13617,13617,13617
,,,,,,,,,,,,,,,,,,,,,,,,,,,,,,,,,,,,,,,,,,,,,,119,10,9237,9555,10949,11326,12057,12704,13073,13258,13258,13258,13258,13258,13258,12472,13141,13523,13714,13714,13714,13714,13714,13714
,,,,,,,,,,,,,,,,,,,,,,,,,,,,,,,,,,,,,,,,,,,,,,120,10,9312,9633,11024,11404,12141,12793,13165,13352,13352,13352,13352,13352,13352,12559,13234,13619,13812,13812,13812,13812,13812,13812
,,,,,,,,,,,,,,,,,,,,,,,,,,,,,,,,,,,,,,,,,,,,,,120,11,9312,9633,11640,12041,12757,13409,13781,13968,13968,13968,13968,13968,13968,13196,13871,14256,14449,14449,14449,14449,14449,14449
,,,,,,,,,,,,,,,,,,,,,,,,,,,,,,,,,,,,,,,,,,,,,,121,11,9388,9711,11716,12119,12842,13499,13875,14063,14063,14063,14063,14063,14063,13284,13964,14352,14546,14546,14546,14546,14546,14546
,,,,,,,,,,,,,,,,,,,,,,,,,,,,,,,,,,,,,,,,,,,,,,122,11,9463,9789,11791,12197,12926,13588,13967,14156,14156,14156,14156,14156,14156,13371,14056,14448,14644,14644,14644,14644,14644,14644
,,,,,,,,,,,,,,,,,,,,,,,,,,,,,,,,,,,,,,,,,,,,,,123,11,9538,9867,11866,12275,13010,13678,14059,14250,14250,14250,14250,14250,14250,13459,14149,14544,14741,14741,14741,14741,14741,14741
,,,,,,,,,,,,,,,,,,,,,,,,,,,,,,,,,,,,,,,,,,,,,,124,11,9614,9946,11942,12354,13095,13768,14153,14345,14345,14345,14345,14345,14345,13547,14243,14641,14840,14840,14840,14840,14840,14840
,,,,,,,,,,,,,,,,,,,,,,,,,,,,,,,,,,,,,,,,,,,,,,125,11,9690,10024,12018,12432,13180,13859,14246,14440,14440,14440,14440,14440,14440,13634,14336,14737,14938,14938,14938,14938,14938,14938
,,,,,,,,,,,,,,,,,,,,,,,,,,,,,,,,,,,,,,,,,,,,,,126,11,9765,10102,12093,12510,13264,13948,14338,14534,14534,14534,14534,14534,14534,13722,14429,14833,15035,15035,15035,15035,15035,15035
,,,,,,,,,,,,,,,,,,,,,,,,,,,,,,,,,,,,,,,,,,,,,,127,11,9841,10181,12169,12589,13349,14038,14432,14629,14629,14629,14629,14629,14629,13810,14523,14930,15134,15134,15134,15134,15134,15134
,,,,,,,,,,,,,,,,,,,,,,,,,,,,,,,,,,,,,,,,,,,,,,128,11,9917,10259,12245,12667,13435,14129,14525,14724,14724,14724,14724,14724,14724,13898,14616,15026,15231,15231,15231,15231,15231,15231
,,,,,,,,,,,,,,,,,,,,,,,,,,,,,,,,,,,,,,,,,,,,,,129,11,9993,10337,12321,12745,13520,14219,14619,14819,14819,14819,14819,14819,14819,13985,14709,15122,15329,15329,15329,15329,15329,15329
,,,,,,,,,,,,,,,,,,,,,,,,,,,,,,,,,,,,,,,,,,,,,,130,11,10069,10416,12397,12824,13605,14310,14712,14914,14914,14914,14914,14914,14914,14073,14803,15219,15428,15428,15428,15428,15428,15428
,,,,,,,,,,,,,,,,,,,,,,,,,,,,,,,,,,,,,,,,,,,,,,130,12,10069,10416,12787,13228,13995,14700,15102,15304,15304,15304,15304,15304,15304,14477,15207,15623,15832,15832,15832,15832,15832,15832
,,,,,,,,,,,,,,,,,,,,,,,,,,,,,,,,,,,,,,,,,,,,,,131,12,10145,10495,12863,13307,14080,14790,15196,15399,15399,15399,15399,15399,15399,14566,15301,15720,15930,15930,15930,15930,15930,15930
,,,,,,,,,,,,,,,,,,,,,,,,,,,,,,,,,,,,,,,,,,,,,,132,12,10221,10573,12939,13385,14165,14880,15289,15494,15494,15494,15494,15494,15494,14653,15393,15816,16028,16028,16028,16028,16028,16028
,,,,,,,,,,,,,,,,,,,,,,,,,,,,,,,,,,,,,,,,,,,,,,133,12,10297,10652,13015,13464,14250,14971,15383,15589,15589,15589,15589,15589,15589,14742,15487,15913,16127,16127,16127,16127,16127,16127
,,,,,,,,,,,,,,,,,,,,,,,,,,,,,,,,,,,,,,,,,,,,,,134,12,10373,10731,13091,13543,14335,15061,15476,15684,15684,15684,15684,15684,15684,14830,15581,16011,16225,16225,16225,16225,16225,16225
,,,,,,,,,,,,,,,,,,,,,,,,,,,,,,,,,,,,,,,,,,,,,,135,12,10449,10810,13167,13622,14420,15152,15570,15779,15779,15779,15779,15779,15779,14919,15675,16108,16324,16324,16324,16324,16324,16324
,,,,,,,,,,,,,,,,,,,,,,,,,,,,,,,,,,,,,,,,,,,,,,136,12,10526,10889,13244,13701,14507,15243,15664,15875,15875,15875,15875,15875,15875,15007,15769,16205,16423,16423,16423,16423,16423,16423
,,,,,,,,,,,,,,,,,,,,,,,,,,,,,,,,,,,,,,,,,,,,,,137,12,10602,10968,13320,13780,14592,15334,15758,15970,15970,15970,15970,15970,15970,15096,15863,16302,16522,16522,16522,16522,16522,16522
,,,,,,,,,,,,,,,,,,,,,,,,,,,,,,,,,,,,,,,,,,,,,,138,12,10678,11047,13396,13859,14677,15424,15851,16065,16065,16065,16065,16065,16065,15184,15957,16399,16620,16620,16620,16620,16620,16620
,,,,,,,,,,,,,,,,,,,,,,,,,,,,,,,,,,,,,,,,,,,,,,139,12,10755,11126,13473,13938,14763,15516,15946,16161,16161,16161,16161,16161,16161,15273,16051,16496,16719,16719,16719,16719,16719,16719
,,,,,,,,,,,,,,,,,,,,,,,,,,,,,,,,,,,,,,,,,,,,,,140,12,10831,11205,13549,14017,14848,15606,16040,16256,16256,16256,16256,16256,16256,15361,16145,16594,16818,16818,16818,16818,16818,16818
,,,,,,,,,,,,,,,,,,,,,,,,,,,,,,,,,,,,,,,,,,,,,,140,13,10831,11205,14080,14566,15379,16137,16571,16787,16787,16787,16787,16787,16787,15910,16694,17143,17367,17367,17367,17367,17367,17367
,,,,,,,,,,,,,,,,,,,,,,,,,,,,,,,,,,,,,,,,,,,,,,141,13,10908,11284,14157,14645,15465,16229,16665,16884,16884,16884,16884,16884,16884,15999,16788,17240,17466,17466,17466,17466,17466,17466
,,,,,,,,,,,,,,,,,,,,,,,,,,,,,,,,,,,,,,,,,,,,,,142,13,10985,11363,14234,14724,15552,16321,16760,16980,16980,16980,16980,16980,16980,16087,16882,17337,17564,17564,17564,17564,17564,17564
,,,,,,,,,,,,,,,,,,,,,,,,,,,,,,,,,,,,,,,,,,,,,,143,13,11061,11443,14310,14804,15637,16411,16854,17075,17075,17075,17075,17075,17075,16177,16978,17435,17664,17664,17664,17664,17664,17664
,,,,,,,,,,,,,,,,,,,,,,,,,,,,,,,,,,,,,,,,,,,,,,144,13,11138,11522,14387,14883,15723,16503,16948,17171,17171,17171,17171,17171,17171,16265,17072,17533,17763,17763,17763,17763,17763,17763
,,,,,,,,,,,,,,,,,,,,,,,,,,,,,,,,,,,,,,,,,,,,,,145,13,11215,11602,14464,14963,15809,16594,17043,17267,17267,17267,17267,17267,17267,16355,17167,17631,17863,17863,17863,17863,17863,17863
,,,,,,,,,,,,,,,,,,,,,,,,,,,,,,,,,,,,,,,,,,,,,,146,13,11292,11681,14541,15042,15896,16686,17138,17364,17364,17364,17364,17364,17364,16443,17261,17728,17962,17962,17962,17962,17962,17962
,,,,,,,,,,,,,,,,,,,,,,,,,,,,,,,,,,,,,,,,,,,,,,147,13,11369,11761,14618,15122,15982,16778,17232,17460,17460,17460,17460,17460,17460,16533,17356,17827,18062,18062,18062,18062,18062,18062
,,,,,,,,,,,,,,,,,,,,,,,,,,,,,,,,,,,,,,,,,,,,,,148,13,11445,11840,14694,15201,16067,16868,17326,17555,17555,17555,17555,17555,17555,16621,17450,17924,18161,18161,18161,18161,18161,18161
,,,,,,,,,,,,,,,,,,,,,,,,,,,,,,,,,,,,,,,,,,,,,,149,13,11522,11920,14771,15281,16153,16960,17421,17651,17651,17651,17651,17651,17651,16711,17545,18022,18261,18261,18261,18261,18261,18261
,,,,,,,,,,,,,,,,,,,,,,,,,,,,,,,,,,,,,,,,,,,,,,150,13,11600,12000,14849,15361,16241,17053,17517,17749,17749,17749,17749,17749,17749,16801,17641,18121,18361,18361,18361,18361,18361,18361
,,,,,,,,,,,,,,,,,,,,,,,,,,,,,,,,,,,,,,,,,,,,,,,,,,,,,,,,,,,,,,,,,,,,,
,,,,,,,,,,,,,,,,,,,,,,,,,,,,,,,,,,,,,,,,,,,,,,,,,,,,,,,,,,,,,,,,,,,,,
,,,,,,,,,,,,,,,,,,,,,,,,,,,,,,,,,,,,,,,,,,,,,,,,,,,,,,,,,,,,,,,,,,,,,
,,,,,,,,,,,,,,,,,,,,,,,,,,,,,,,,,,,,,,,,,,,,,,■グレード,,*$AO9,,,,,,,,,,,,,,,,,,,,,
,,,,,,,,,,,,,,,,,,,,,,,,,,,,,,,,,,,,,,,,,,,,,,,星,,,,,,,,,,,,,,,,,,,,,,
,,,,,,,,,,,,,,,,,,,,,,,,,,,,,,,,,,,,,,,,,,,,,,レアリティ,1,2,3,4,5,6,7,8,9,10,,,,,,,,,,,,,
,,,,,,,,,,,,,,,,,,,,,,,,,,,,,,,,,,,,,,,,,,,,,,FestivalUR,1.00,1.18,1.29,1.34,1.38,1,1,1,1,1,,,,,,,,,,,,,
,,,,,,,,,,,,,,,,,,,,,,,,,,,,,,,,,,,,,,,,,,,,,,PremiumUR,1.00,1.16,1.26,1.32,1.35,1,1,1,1,1,,,,,,,,,,,,,
,,,,,,,,,,,,,,,,,,,,,,,,,,,,,,,,,,,,,,,,,,,,,,PremiumSSR,1.00,1.12,1.19,1.23,1.25,1,1,1,1,1,,,,,,,,,,,,,
,,,,,,,,,,,,,,,,,,,,,,,,,,,,,,,,,,,,,,,,,,,,,,PremiumSR,1.00,1.09,1.14,1.17,1.19,1,1,1,1,1,,,,,,,,,,,,,
,,,,,,,,,,,,,,,,,,,,,,,,,,,,,,,,,,,,,,,,,,,,,,PremiumR,1.00,1.08,1.11,1.14,1.16,1,1,1,1,1,,,,,,,,,,,,,
,,,,,,,,,,,,,,,,,,,,,,,,,,,,,,,,,,,,,,,,,,,,,,DropSSR,1.00,1.07,1.09,1.12,1.14,1,1,1,1,1,,,,,,,,,,,,,
,,,,,,,,,,,,,,,,,,,,,,,,,,,,,,,,,,,,,,,,,,,,,,DropSR,1.00,1.05,1.07,1.10,1.12,1,1,1,1,1,,,,,,,,,,,,,
,,,,,,,,,,,,,,,,,,,,,,,,,,,,,,,,,,,,,,,,,,,,,,DropR,1.00,1.03,1.05,1.08,1.10,1,1,1,1,1,,,,,,,,,,,,,
,,,,,,,,,,,,,,,,,,,,,,,,,,,,,,,,,,,,,,,,,,,,,,,,,,,,,,,,,,,,,,,,,,,,,
,,,,,,,,,,,,,,,,,,,,,,,,,,,,,,,,,,,,,,,,,,,,,,,,,,,,,,,,,,,,,,,,,,,,,
,,,,,,,,,,,,,,,,,,,,,,,,,,,,,,,,,,,,,,,,,,,,,,指数係数,,,,,,,,,,,,,,,,,,,,,,,
,,,,,,,,,,,,,,,,,,,,,,,,,,,,,,,,,,,,,,,,,,,,,,1.1,,,,,,,,,,,,,,,,,,,,,,,
,,,,,,,,,,,,,,,,,,,,,,,,,,,,,,,,,,,,,,,,,,,,,,,,,,,,,,,,,,,,,,,,,,,,,
,,,,,,,,,,,,,,,,,,,,,,,,,,,,,,,,,,,,,,,,,,,,,,ランク,上昇率,参照レベル,HP上昇値,ATK上昇値,,,,,,,,,,,,,,,,,,,
,,,,,,,,,,,,,,,,,,,,,,,,,,,,,,,,,,,,,,,,,,,,,,0,1,0,0,0,,,,,,,,,,,,,,,,,,,
,,,,,,,,,,,,,,,,,,,,,,,,,,,,,,,,,,,,,,,,,,,,,,1,1.06,20,134,139,,,,,,,,,,,,,,,,,,,
,,,,,,,,,,,,,,,,,,,,,,,,,,,,,,,,,,,,,,,,,,,,,,2,1.09,30,259,268,,,,,,,,,,,,,,,,,,,
,,,,,,,,,,,,,,,,,,,,,,,,,,,,,,,,,,,,,,,,,,,,,,3,1.11,40,390,403,,,,,,,,,,,,,,,,,,,
,,,,,,,,,,,,,,,,,,,,,,,,,,,,,,,,,,,,,,,,,,,,,,4,1.12,50,507,525,,,,,,,,,,,,,,,,,,,
,,,,,,,,,,,,,,,,,,,,,,,,,,,,,,,,,,,,,,,,,,,,,,5,1.15,60,739,764,,,,,,,,,,,,,,,,,,,
,,,,,,,,,,,,,,,,,,,,,,,,,,,,,,,,,,,,,,,,,,,,,,6,1.16,70,901,932,,,,,,,,,,,,,,,,,,,
,,,,,,,,,,,,,,,,,,,,,,,,,,,,,,,,,,,,,,,,,,,,,,7,1.17,80,1080,1117,,,,,,,,,,,,,,,,,,,
,,,,,,,,,,,,,,,,,,,,,,,,,,,,,,,,,,,,,,,,,,,,,,8,1.18,90,1274,1318,,,,,,,,,,,,,,,,,,,
,,,,,,,,,,,,,,,,,,,,,,,,,,,,,,,,,,,,,,,,,,,,,,9,1.19,100,1485,1536,,,,,,,,,,,,,,,,,,,
,,,,,,,,,,,,,,,,,,,,,,,,,,,,,,,,,,,,,,,,,,,,,,10,1.2,110,1712,1771,,,,,,,,,,,,,,,,,,,
,,,,,,,,,,,,,,,,,,,,,,,,,,,,,,,,,,,,,,,,,,,,,,11,1.25,120,2328,2408,,,,,,,,,,,,,,,,,,,
,,,,,,,,,,,,,,,,,,,,,,,,,,,,,,,,,,,,,,,,,,,,,,12,1.27,130,2718,2812,,,,,,,,,,,,,,,,,,,
,,,,,,,,,,,,,,,,,,,,,,,,,,,,,,,,,,,,,,,,,,,,,,13,1.3,140,3249,3361,,,,,,,,,,,,,,,,,,,